{"Logistic Regression":{"Accuracy":0.7703809524,"Precision":0.7326680672,"Recall":0.7512116317,"F1 Score":0.741823983},"Random Forest":{"Accuracy":0.7558095238,"Precision":0.7069838057,"Recall":0.7522886376,"F1 Score":0.7289329507},"KNN":{"Accuracy":0.7295238095,"Precision":0.6954288649,"Recall":0.7291330102,"F1 Score":0.7118822292},"SVM":{"Accuracy":0.7663809524,"Precision":0.7145169995,"Recall":0.7129779214,"F1 Score":0.7137466307},"XGBoost":{"Accuracy":0.759047619,"Precision":0.7106208312,"Recall":0.745826602,"F1 Score":0.7277982133}}