{"Logistic Regression":{"Accuracy":0.708356546,"Precision":0.6874129122,"Recall":0.7847295864,"F1 Score":0.732854667},"Random Forest":{"Accuracy":0.7088207985,"Precision":0.694906954,"Recall":0.7523860021,"F1 Score":0.7225050916},"KNN":{"Accuracy":0.6878365831,"Precision":0.6893595562,"Recall":0.7248144221,"F1 Score":0.7066425433},"SVM":{"Accuracy":0.717641597,"Precision":0.6460211682,"Recall":0.8738069989,"F1 Score":0.7428442641},"XGBoost":{"Accuracy":0.7078922934,"Precision":0.6839577329,"Recall":0.7550371156,"F1 Score":0.7177419355}}